{
  "adni_test": {
    "auc": 0.5791666666666667,
    "auc_ci": [
      0.45238024678400307,
      0.6714975845410629
    ],
    "auc_pr": 0.47888595232629944,
    "sensitivity": 0.75,
    "specificity": 0.4666666666666667,
    "rmse": 2.2349982826175108,
    "rmse_ci": [
      1.9279294848351622,
      2.4900739478087814
    ],
    "mae": 1.766677975654602,
    "r2": -0.8416283130645752,
    "c_index": 0.5086397873283119,
    "c_index_ci": [
      0.44381824753392096,
      0.5905537230392763
    ],
    "ece_before": 0.20006597444415092,
    "ece_after": 0.02095620092535904,
    "temperature": 3.2995807919485367,
    "n_test": 100
  },
  "biohermes_val": {
    "auc": null,
    "auc_ci": [
      null,
      null
    ],
    "n_val": 0
  },
  "subgroup_analysis": {
    "age_lt65": {
      "auc": 0.5158730158730158,
      "n": 33,
      "ci": [
        0.32119392684610076,
        0.7234788359788359
      ]
    },
    "age_65_75": {
      "auc": 0.6175438596491228,
      "n": 34,
      "ci": [
        0.41373626373626377,
        0.7616396103896103
      ]
    },
    "age_gt75": {
      "auc": 0.573076923076923,
      "n": 33,
      "ci": [
        0.3699404761904762,
        0.783333333333333
      ]
    },
    "sex_male": {
      "auc": 0.542528735632184,
      "n": 44,
      "ci": [
        0.34037092962184873,
        0.7049853504620236
      ]
    },
    "sex_female": {
      "auc": 0.5922580645161291,
      "n": 56,
      "ci": [
        0.41409313725490193,
        0.7305405378119021
      ]
    },
    "apoe_noncarrier": {
      "auc": 0.6898148148148149,
      "n": 42,
      "ci": [
        0.5296655995731626,
        0.8332160027472527
      ]
    },
    "apoe_carrier": {
      "auc": 0.5012626262626262,
      "n": 58,
      "ci": [
        0.3692642636821064,
        0.6503846153846152
      ]
    },
    "max_auc_gap": 0.1885521885521887,
    "fairness_pass": false
  },
  "modality_importance": {
    "fluid": 0.24601495265960693,
    "acoustic": 0.24795831739902496,
    "motor": 0.2612437605857849,
    "clinical": 0.24478299915790558
  },
  "phase2_targets_met": {
    "adni_auc_gte_0.80": false,
    "adni_rmse_lte_4.0": true,
    "adni_c_index_gte_0.68": false,
    "bh_auc_gte_0.78": false,
    "subgroup_gap_lt_0.07": false,
    "ece_lt_0.10": true
  },
  "wandb_run_ids": {},
  "evaluation_date": "2026-03-11T17:28:17.514431+00:00"
}