{
  "adni_test": {
    "auc": 0.8896551724137931,
    "auc_ci": [
      0.7818080357142857,
      0.9642141582757419
    ],
    "auc_pr": null,
    "optimal_threshold": 0.6443109769784068,
    "sensitivity": 0.7931034482758621,
    "specificity": 0.9333333333333333,
    "ppv": 0.9583333333333334,
    "npv": 0.7,
    "f1": 0.8679245283018868,
    "rmse": 1.8039902169835655,
    "rmse_ci": [
      1.1860518837526348,
      2.331749617525335
    ],
    "mae": 1.0875860452651978,
    "r2": 0.04737675189971924,
    "c_index": 0.6514047866805411,
    "c_index_ci": [
      0.524530595501381,
      0.7884486878228213
    ],
    "ece_before": 0.11195305315191006,
    "ece_after": 0.08312662698743684,
    "temperature": 0.7561808640197443,
    "n_test": 75
  },
  "biohermes_test": {
    "auc": 0.9071320836026718,
    "auc_ci": [
      null,
      null
    ],
    "ppv": 0.8070175438596491,
    "npv": 0.9411764705882353,
    "f1": 0.8518518518518519,
    "sensitivity": 0.9019607843137255,
    "specificity": 0.8791208791208791,
    "optimal_threshold": 0.31888669214243515,
    "n_test": 142
  },
  "subgroup_analysis": {
    "age_lt65": {
      "auc": 1.0,
      "n": 11,
      "ci": [
        1.0,
        1.0
      ]
    },
    "age_65_75": {
      "auc": 0.8645833333333334,
      "n": 40,
      "ci": [
        0.6989705882352941,
        1.0
      ]
    },
    "age_gt75": {
      "auc": 0.9393939393939394,
      "n": 24,
      "ci": [
        0.8139285714285714,
        1.0
      ]
    },
    "sex_male": {
      "auc": 0.9004329004329005,
      "n": 49,
      "ci": [
        0.7616071428571429,
        0.9856091485507247
      ]
    },
    "sex_female": {
      "auc": 0.875,
      "n": 26,
      "ci": [
        0.5925,
        1.0
      ]
    },
    "apoe_noncarrier": {
      "auc": 0.905982905982906,
      "n": 39,
      "ci": [
        0.7263888888888889,
        1.0
      ]
    },
    "apoe_carrier": {
      "auc": 0.775,
      "n": 36,
      "ci": [
        0.41640866873065013,
        1.0
      ]
    },
    "max_auc_gap": 0.22499999999999998,
    "fairness_pass": false
  },
  "modality_importance": {
    "fluid": 0.2130109667778015,
    "acoustic": 0.2618364691734314,
    "motor": 0.2396428883075714,
    "clinical": 0.2855096757411957
  },
  "phase2b_targets_met": {
    "adni_auc_gte_0.65": true,
    "adni_rmse_lte_4.0": true,
    "adni_c_index_gte_0.60": true,
    "bh_auc_gte_0.75": true,
    "subgroup_gap_lt_0.12": false,
    "ece_lt_0.10": true,
    "ppv_npv_f1_reported": true
  },
  "leakage_fix_confirmed": true,
  "wandb_run_ids": {},
  "evaluation_date": "2026-03-15T08:51:26.795821+00:00"
}