{
  "adni_test": {
    "auc": 0.5020833333333333,
    "auc_ci": [
      0.4106654740608229,
      0.6301437101284201
    ],
    "auc_pr": 0.40882210045332457,
    "sensitivity": 0.725,
    "specificity": 0.3666666666666667,
    "rmse": 2.3906610012054443,
    "rmse_ci": [
      2.077330994606018,
      2.6490205943584444
    ],
    "mae": 1.9064847230911255,
    "r2": -1.1070919664723857,
    "c_index": 0.4727514399645547,
    "c_index_ci": [
      0.41767642791245074,
      0.5314887978044055
    ],
    "ece_before": 0.15781772851943968,
    "ece_after": 0.01926832496565771,
    "temperature": 2.8554117209130947,
    "n_test": 100
  },
  "biohermes_val": {
    "auc": null,
    "auc_ci": [
      null,
      null
    ],
    "n_val": 0
  },
  "subgroup_analysis": {
    "age_lt65": {
      "auc": 0.611111111111111,
      "n": 33,
      "ci": [
        0.42735507246376814,
        0.7774816176470586
      ]
    },
    "age_65_75": {
      "auc": 0.4280701754385965,
      "n": 34,
      "ci": [
        0.23155545112781958,
        0.6174908424908424
      ]
    },
    "age_gt75": {
      "auc": 0.5153846153846154,
      "n": 33,
      "ci": [
        0.3306546324488908,
        0.6974624060150375
      ]
    },
    "sex_male": {
      "auc": 0.5655172413793104,
      "n": 44,
      "ci": [
        0.41666666666666663,
        0.7343691643323996
      ]
    },
    "sex_female": {
      "auc": 0.4580645161290323,
      "n": 56,
      "ci": [
        0.2784486607142857,
        0.6139237646134197
      ]
    },
    "apoe_noncarrier": {
      "auc": 0.4259259259259258,
      "n": 42,
      "ci": [
        0.28708479020979016,
        0.5969400352733686
      ]
    },
    "apoe_carrier": {
      "auc": 0.5517676767676768,
      "n": 58,
      "ci": [
        0.39331016313407957,
        0.6717957839262186
      ]
    },
    "max_auc_gap": 0.18518518518518523,
    "fairness_pass": false
  },
  "modality_importance": {
    "fluid": 0.2570444643497467,
    "acoustic": 0.24629683792591095,
    "motor": 0.23064233362674713,
    "clinical": 0.2660163342952728
  },
  "phase2_targets_met": {
    "adni_auc_gte_0.80": false,
    "adni_rmse_lte_4.0": true,
    "adni_c_index_gte_0.68": false,
    "bh_auc_gte_0.78": false,
    "subgroup_gap_lt_0.07": false,
    "ece_lt_0.10": true
  },
  "wandb_run_ids": {},
  "evaluation_date": "2026-03-11T16:32:11.937987+00:00"
}